<?xml version="1.0" encoding="UTF-8"?>
<beans xmlns="http://www.springframework.org/schema/beans"
       xmlns:xsi="http://www.w3.org/2001/XMLSchema-instance"
       xmlns:context="http://www.springframework.org/schema/context"
       xmlns:mvc="http://www.springframework.org/schema/mvc"
       xmlns:jaxws="http://cxf.apache.org/jaxws"
       xsi:schemaLocation="http://www.springframework.org/schema/beans
        http://www.springframework.org/schema/beans/spring-beans.xsd
        http://www.springframework.org/schema/context
        http://www.springframework.org/schema/context/spring-context.xsd
        http://www.springframework.org/schema/mvc
        http://www.springframework.org/schema/mvc/spring-mvc-3.2.xsd
        http://cxf.apache.org/jaxws http://cxf.apache.org/schemas/jaxws.xsd">


    <!-- spring mybatis -->

    <bean id="propertyConfigurer"
          class="org.springframework.beans.factory.config.PropertyPlaceholderConfigurer">
        <property name="location" value="classpath:jdbc.properties"/>
    </bean>

    <bean id="dataSource" class="org.apache.commons.dbcp.BasicDataSource"
          destroy-method="close">
        <property name="driverClassName" value="${jdbc.driver}"/>
        <property name="url" value="${jdbc.url}"/>
        <property name="username" value="${jdbc.username}"/>
        <property name="password" value="${jdbc.password}"/>
        <!-- 初始化连接大小 -->
        <!-- <property name="initialSize" value="${initialSize}"></property>   -->
        <!-- 连接池最大数量 -->
        <!-- <property name="maxActive" value="${maxActive}"></property>   -->
        <!-- 连接池最大空闲 -->
        <!--  <property name="maxIdle" value="${maxIdle}"></property>   -->
        <!-- 连接池最小空闲 -->
        <!--  <property name="minIdle" value="${minIdle}"></property>  -->
        <!-- 获取连接最大等待时间 -->
        <!--  <property name="maxWait" value="${maxWait}"></property>  -->
    </bean>

    <!-- spring和MyBatis完美整合，不需要mybatis的配置映射文件 -->
    <bean id="sqlSessionFactory" class="org.mybatis.spring.SqlSessionFactoryBean">
        <property name="dataSource" ref="dataSource"/>
        <!-- 自动扫描mapping.xml文件 -->
        <property name="mapperLocations" value="classpath:com/jack/security/persistence/*.xml"/>
        <property name="typeAliasesPackage" value="com.jack.security.pojo"/>
    </bean>

    <!-- DAO接口所在包名，Spring会自动查找其下的类 -->
    <bean class="org.mybatis.spring.mapper.MapperScannerConfigurer">
        <property name="basePackage" value="com.jack.security.persistence"/>
        <property name="sqlSessionFactoryBeanName" value="sqlSessionFactory"></property>
        <property name="annotationClass" value="org.springframework.stereotype.Repository"/>
    </bean>

    <!-- (事务管理)transaction manager, use JtaTransactionManager for global tx -->
    <bean id="transactionManager"
          class="org.springframework.jdbc.datasource.DataSourceTransactionManager">
        <property name="dataSource" ref="dataSource"/>
    </bean>

    <!-- spring mvc -->
    <context:component-scan base-package="com.jack.security"/>
    <mvc:annotation-driven/>
    <mvc:resources location="/styles/" mapping="/styles/**"/>
    <bean id="viewResolver" class="org.springframework.web.servlet.view.InternalResourceViewResolver">
        <property name="requestContextAttribute" value="rc"/>
        <property name="viewClass" value="org.springframework.web.servlet.view.JstlView"/>
        <property name="prefix" value="/WEB-INF/pages/"/>
        <property name="suffix" value=".jsp"/>
    </bean>


    <!-- 配置文件上传，如果没有使用文件上传可以不用配置，当然如果不配，那么配置文件中也不必引入上传组件包 -->
    <bean id="multipartResolver"
          class="org.springframework.web.multipart.commons.CommonsMultipartResolver">
        <!-- 默认编码 -->
        <property name="defaultEncoding" value="utf-8"/>
        <!-- 文件大小最大值 -->
        <property name="maxUploadSize" value="10485760000"/>
        <!-- 内存中的最大值 -->
        <property name="maxInMemorySize" value="40960"/>
    </bean>


</beans>